{"cp-le": {"E12": {"num_nodes": [80, 180, 320, 500, 720], "num_ele": [80, 180, 320, 500, 720], "avg_loc_err": [0.060491245780834854, 0.02892629334760386, 0.01621000243169205, 0.010174079752234614, 0.006991804544089428], "max_loc_err": [0.12020512670045798, 0.07393580574862739, 0.04679737151274881, 0.028829185368013023, 0.018850483456379595]}, "E23": {"num_nodes": [80, 180, 320, 500, 720], "num_ele": [80, 180, 320, 500, 720], "avg_loc_err": [0.2503791520769246, 0.12009673758724261, 0.06032969670779433, 0.034510315098957356, 0.022309885994484052], "max_loc_err": [0.7032967043119761, 0.5945880176323867, 0.24811976691968632, 0.1273937447037174, 0.09629851159815536]}, "E31": {"num_nodes": [80, 180, 320, 500, 720], "num_ele": [80, 180, 320, 500, 720], "avg_loc_err": [0.13518818809978478, 0.06042661371606807, 0.033907240773077496, 0.0202420578322618, 0.013934981045335644], "max_loc_err": [0.29552474906840404, 0.2172242908619723, 0.1733221681477131, 0.1484356539520042, 0.11384135645563016]}, "Ep": {"num_nodes": [80, 180, 320, 500, 720], "num_ele": [80, 180, 320, 500, 720], "avg_loc_err": [0.07901779235922368, 0.041651714242047604, 0.022671692270103627, 0.013613791804548534, 0.00893242521493237], "max_loc_err": [0.22359634371146112, 0.2278916335189367, 0.12326349915692095, 0.10207462420207246, 0.06454584040256456]}, "Em": {"num_nodes": [80, 180, 320, 500, 720], "num_ele": [80, 180, 320, 500, 720], "avg_loc_err": [0.0613704203497832, 0.029855814018493652, 0.016583173252753332, 0.010385053492122376, 0.007130231710750828], "max_loc_err": [0.11830664502538132, 0.0693068878994559, 0.045292825892006984, 0.029023915699090977, 0.023995955118543473]}, "3x3_0": {"num_nodes": [80, 180, 320, 500, 720], "num_ele": [80, 180, 320, 500, 720], "avg_loc_err": [0.08566534523937679, 0.0462570004521667, 0.029325902697575058, 0.02052750621611493, 0.014998733768847692], "max_loc_err": [0.1678229819620678, 0.13837648050643722, 0.12639622694961594, 0.10843349598472042, 0.08972641382021505]}, "3x3_1": {"num_nodes": [80, 180, 320, 500, 720], "num_ele": [80, 180, 320, 500, 720], "avg_loc_err": [0.18953632122148917, 0.10158259286265102, 0.060568702773953945, 0.037778374367680057, 0.026698884302394203], "max_loc_err": [0.5469631564539298, 0.3225495138616203, 0.24665280251704302, 0.2050780646794209, 0.1615404655203639]}, "3x3_2": {"num_nodes": [80, 180, 320, 500, 720], "num_ele": [80, 180, 320, 500, 720], "avg_loc_err": [0.3093335923753823, 0.16077572211064903, 0.09448704582130983, 0.05701233151593064, 0.03825770119653803], "max_loc_err": [0.8439811610947321, 0.5313566188591757, 0.3642177972110832, 0.29601451827100095, 0.21709364794904043]}},

"cp-qe": {"E12": {"num_nodes": [80, 180, 320, 500, 720], "num_ele": [80, 180, 320, 500, 720], "avg_loc_err": [0.04563987430691041, 0.023394735621691885, 0.013339040530235824, 0.008471606717449127, 0.005863624761265689], "max_loc_err": [0.08361780374490801, 0.06544804293852026, 0.054143666464035047, 0.040820645837730325, 0.030451274077465423]}, "E23": {"num_nodes": [80, 180, 320, 500, 720], "num_ele": [80, 180, 320, 500, 720], "avg_loc_err": [0.2251499028256192, 0.10887141965259105, 0.05512892073581925, 0.03197848885354509, 0.020791115366437844], "max_loc_err": [0.7527225970287109, 0.5941764187855679, 0.26473553848109055, 0.15339649427295993, 0.09701454914658088]}, "E31": {"num_nodes": [80, 180, 320, 500, 720], "num_ele": [80, 180, 320, 500, 720], "avg_loc_err": [0.14906808166180952, 0.0671277100634496, 0.038383323683920716, 0.02224310351396904, 0.014703618457808093], "max_loc_err": [0.41858925280372467, 0.2551292406442114, 0.21646630408894357, 0.18372639188675763, 0.13780800611120905]}, "Ep": {"num_nodes": [80, 180, 320, 500, 720], "num_ele": [80, 180, 320, 500, 720], "avg_loc_err": [0.06496414247081708, 0.03798827833014762, 0.02142940387984706, 0.012978048612971013, 0.00848243100329467], "max_loc_err": [0.21104456032390595, 0.24522287238576265, 0.13006492532999833, 0.11018232904742904, 0.07202679361436161]}, "Em": {"num_nodes": [80, 180, 320, 500, 720], "num_ele": [80, 180, 320, 500, 720], "avg_loc_err": [0.053422003177798306, 0.025325847682709905, 0.013609033430468973, 0.008360935418408346, 0.0057232597781534935], "max_loc_err": [0.15395634442476802, 0.08751322006139188, 0.04357387468210143, 0.02729478890875546, 0.02278228755528779]}, "3x3_0": {"num_nodes": [80, 180, 320, 500, 720], "num_ele": [80, 180, 320, 500, 720], "avg_loc_err": [0.07597110257501806, 0.04177530192110581, 0.026278523075419263, 0.017885621198771882, 0.013003742826063758], "max_loc_err": [0.1752466222690302, 0.1110278980178351, 0.08914691467004027, 0.07810189597384906, 0.06453430657444212]}, "3x3_1": {"num_nodes": [80, 180, 320, 500, 720], "num_ele": [80, 180, 320, 500, 720], "avg_loc_err": [0.2131478872575708, 0.11169926045292973, 0.06605889925456282, 0.040687746323441444, 0.02803840574329879], "max_loc_err": [0.5276252454485071, 0.33922183613188567, 0.29702911000428334, 0.25847604993130224, 0.19815634194721302]}, "3x3_2": {"num_nodes": [80, 180, 320, 500, 720], "num_ele": [80, 180, 320, 500, 720], "avg_loc_err": [0.3062923409628695, 0.15423603939077601, 0.09275465625024411, 0.056544001147688205, 0.03838517468144449], "max_loc_err": [1.0576614395805073, 0.5998016345902349, 0.4391379421158844, 0.35702724868245606, 0.25685362771786396]}},

"lp-le": {"E12": {"num_nodes": [42.0, 92.0, 162.0, 252.0, 362.0], "num_ele": [80, 180, 320, 500, 720], "avg_loc_err": [0.019914366755740532, 0.009138534607724525, 0.004984901657249024, 0.0030927774700137745, 0.0021435949873748494], "max_loc_err": [0.09595542048454607, 0.0530443673932053, 0.03967321354979691, 0.026461226364226757, 0.020524152372154304]}, "E23": {"num_nodes": [42.0, 92.0, 162.0, 252.0, 362.0], "num_ele": [80, 180, 320, 500, 720], "avg_loc_err": [0.1920791343417577, 0.09221165234761228, 0.05151614719399742, 0.03175605625044753, 0.02118058342409602], "max_loc_err": [0.29100056994264023, 0.16030643931338753, 0.12153503953961171, 0.09142938131460233, 0.07034621727429662]}, "E31": {"num_nodes": [42.0, 92.0, 162.0, 252.0, 362.0], "num_ele": [80, 180, 320, 500, 720], "avg_loc_err": [0.1332130503523289, 0.06684293026296835, 0.03850664098380725, 0.025014164190896103, 0.01769759994230584], "max_loc_err": [0.23868265758800594, 0.13800088245251968, 0.10872455614716915, 0.08686289217058443, 0.06640302454307542]}, "Ep": {"num_nodes": [42.0, 92.0, 162.0, 252.0, 362.0], "num_ele": [80, 180, 320, 500, 720], "avg_loc_err": [0.055353023075400326, 0.02205377353859514, 0.010501912305725407, 0.006279209564283132, 0.004220668388697243], "max_loc_err": [0.09185332451310671, 0.05194553895156267, 0.03569242051938739, 0.027043959058705883, 0.020212551683678977]}, "Em": {"num_nodes": [42.0, 92.0, 162.0, 252.0, 362.0], "num_ele": [80, 180, 320, 500, 720], "avg_loc_err": [0.018860912610487602, 0.009741288971782539, 0.005281351188568812, 0.0034331098328251293, 0.0023477356616940486], "max_loc_err": [0.08223553739645108, 0.044005426252711664, 0.03290454791898263, 0.023569117987064164, 0.016622830639215574]}, "3x3_0": {"num_nodes": [42.0, 92.0, 162.0, 252.0, 362.0], "num_ele": [80, 180, 320, 500, 720], "avg_loc_err": [0.014812561737307526, 0.00957018651877739, 0.006628336166256345, 0.004834865655675929, 0.0036875375839522306], "max_loc_err": [0.028731098405750485, 0.020940201778217024, 0.015214947096771663, 0.010694333609189487, 0.008462300532878863]}, "3x3_1": {"num_nodes": [42.0, 92.0, 162.0, 252.0, 362.0], "num_ele": [80, 180, 320, 500, 720], "avg_loc_err": [0.20949153692050423, 0.11950233962127413, 0.07031249767936275, 0.04642000941778262, 0.032589663760417865], "max_loc_err": [0.39712510709080023, 0.2684826157497427, 0.17819993057496986, 0.14657757521256987, 0.11382513820139849]}, "3x3_2": {"num_nodes": [42.0, 92.0, 162.0, 252.0, 362.0], "num_ele": [80, 180, 320, 500, 720], "avg_loc_err": [0.20970089577980597, 0.11587867632946613, 0.06935750824295875, 0.04555170014641591, 0.03197185679669403],