{"cp-le": {"E12": {"num_nodes": [80, 180, 320, 500, 720], "num_ele": [80, 180, 320, 500, 720], "avg_loc_err": [0.08525698669508389, 0.04091854111844768, 0.023444784099741368, 0.01594269044552962, 0.010906245672715354], "max_loc_err": [0.21490123361498645, 0.09281615349070868, 0.054126907304197794, 0.03800509208825734, 0.027628698751156592]}, "E23": {"num_nodes": [80, 180, 320, 500, 720], "num_ele": [80, 180, 320, 500, 720], "avg_loc_err": [0.11711964888721016, 0.04717724169068658, 0.02881169148202777, 0.016760557647275433, 0.012304432996983583], "max_loc_err": [0.3012109885124652, 0.15086791529500804, 0.08115250949753354, 0.04803722147874436, 0.04710420395411143]}, "E31": {"num_nodes": [80, 180, 320, 500, 720], "num_ele": [80, 180, 320, 500, 720], "avg_loc_err": [0.10691565136805141, 0.03993639586359752, 0.01756633073517035, 0.013006497482997105, 0.00793429848317205], "max_loc_err": [0.23847427839392948, 0.08592989183036079, 0.04472524330316884, 0.04756552990018764, 0.017850192182747818]}, "Ep": {"num_nodes": [80, 180, 320, 500, 720], "num_ele": [80, 180, 320, 500, 720], "avg_loc_err": [0.1276667743979418, 0.0540413936366343, 0.03253430621792487, 0.020421166570807368, 0.01457520399686405], "max_loc_err": [0.26785204254160105, 0.14316759511273658, 0.07796268994217512, 0.046520144745837703, 0.03811666252488167]}, "Em": {"num_nodes": [80, 180, 320, 500, 720], "num_ele": [80, 180, 320, 500, 720], "avg_loc_err": [0.065419724973186, 0.025016456752657342, 0.01475929756408798, 0.008834687254188785, 0.006282239239490147], "max_loc_err": [0.11073197362377837, 0.05008884116038331, 0.037018598111046436, 0.019349348402538068, 0.017003390669258888]}, "3x3_0": {"num_nodes": [80, 180, 320, 500, 720], "num_ele": [80, 180, 320, 500, 720], "avg_loc_err": [0.09566533906844579, 0.046127450231830035, 0.028992785625529465, 0.01810146783797766, 0.013530111371974358], "max_loc_err": [0.1583135989903102, 0.09697804808177786, 0.07492277381872017, 0.03565535189078772, 0.037769924857298035]}, "3x3_1": {"num_nodes": [80, 180, 320, 500, 720], "num_ele": [80, 180, 320, 500, 720], "avg_loc_err": [0.13944893912037504, 0.05972404770372795, 0.04090234033385569, 0.025954290068179425, 0.018882117710183808], "max_loc_err": [0.2888257931806956, 0.16707260083287842, 0.12352855084470013, 0.06001692783600702, 0.07318591205030801]}, "3x3_2": {"num_nodes": [80, 180, 320, 500, 720], "num_ele": [80, 180, 320, 500, 720], "avg_loc_err": [0.15332029798968833, 0.055670126465255876, 0.038093249461972026, 0.0249926943319306, 0.01854606425620526], "max_loc_err": [0.35499596275946493, 0.18932561770192854, 0.122491876104854, 0.057406344681403605, 0.07899125512469392]}},

"cp-qe": {"E12": {"num_nodes": [80, 180, 320, 500, 720], "num_ele": [80, 180, 320, 500, 720], "avg_loc_err": [0.07820875745217654, 0.03731192408188728, 0.022952703566694974, 0.014512384441318358, 0.010423321075637652], "max_loc_err": [0.13731822106967365, 0.0954552283632488, 0.05819400984825553, 0.040768906519390774, 0.031124205328446595]}, "E23": {"num_nodes": [80, 180, 320, 500, 720], "num_ele": [80, 180, 320, 500, 720], "avg_loc_err": [0.13144095345786902, 0.05211839460363505, 0.028953051139835796, 0.01715911231102233, 0.012097520557900508], "max_loc_err": [0.4191877780364302, 0.19417645692560417, 0.10861963433889184, 0.06785492882464322, 0.04408144454547216]}, "E31": {"num_nodes": [80, 180, 320, 500, 720], "num_ele": [80, 180, 320, 500, 720], "avg_loc_err": [0.10500451719959378, 0.038383539725557796, 0.020233461883561156, 0.012400195901328107, 0.008139361187907094], "max_loc_err": [0.2816037487116881, 0.09093378373876793, 0.06338436675419137, 0.032422330031417534, 0.02395496497751179]}, "Ep": {"num_nodes": [80, 180, 320, 500, 720], "num_ele": [80, 180, 320, 500, 720], "avg_loc_err": [0.1278170157877271, 0.05435273594340113, 0.03228271035592272, 0.019559242231366063, 0.013862005554009762], "max_loc_err": [0.2309518816553728, 0.1477464036975082, 0.07899692219890413, 0.05084427296472511, 0.03447014516395915]}, "Em": {"num_nodes": [80, 180, 320, 500, 720], "num_ele": [80, 180, 320, 500, 720], "avg_loc_err": [0.04465353632623302, 0.020488341134341597, 0.012206637751378424, 0.007615857259029204, 0.005381760724706626], "max_loc_err": [0.09068123789017493, 0.05001420534137335, 0.030547843334222554, 0.01991885426554855, 0.01393590616138551]}, "3x3_0": {"num_nodes": [80, 180, 320, 500, 720], "num_ele": [80, 180, 320, 500, 720], "avg_loc_err": [0.06919674474243405, 0.03230986553337361, 0.020862685138234204, 0.012946482547175602, 0.009686605773074118], "max_loc_err": [0.141472889884197, 0.09851885429988003, 0.06284244767814506, 0.03597365290169308, 0.0368170212197416]}, "3x3_1": {"num_nodes": [80, 180, 320, 500, 720], "num_ele": [80, 180, 320, 500, 720], "avg_loc_err": [0.16027996192759844, 0.06204637423554531, 0.04013905571098071, 0.02552270482220341, 0.01815152477051417], "max_loc_err": [0.4831698806191035, 0.23971845226084493, 0.10911141425727724, 0.08099371396060127, 0.053218629653175434]}, "3x3_2": {"num_nodes": [80, 180, 320, 500, 720], "num_ele": [80, 180, 320, 500, 720], "avg_loc_err": [0.14521637459392772, 0.06498464843362013, 0.03753328058850797, 0.025728523361786812, 0.018408949355673807], "max_loc_err": [0.34259435510519565, 0.26812236054570526, 0.10185724281227895, 0.0863288273574713, 0.053059170436272646]}},

"lp-le": {"E12": {"num_nodes": [42.0, 92.0, 162.0, 252.0, 362.0], "num_ele": [80, 180, 320, 500, 720], "avg_loc_err": [0.09155192961686688, 0.04252415782704339, 0.024109351869791483, 0.01530574305243777, 0.010274623903579846], "max_loc_err": [0.17364394520165882, 0.10582859148468374, 0.1121417084730875, 0.06548563105925417, 0.07842732478185475]}, "E23": {"num_nodes": [42.0, 92.0, 162.0, 252.0, 362.0], "num_ele": [80, 180, 320, 500, 720], "avg_loc_err": [0.10740271733837778, 0.06364602430588066, 0.03428087281066742, 0.022689764963702137, 0.015219567328455566], "max_loc_err": [0.29523067815597875, 0.202165402070776, 0.10821718160441525, 0.09746113451939911, 0.06280239546270927]}, "E31": {"num_nodes": [42.0, 92.0, 162.0, 252.0, 362.0], "num_ele": [80, 180, 320, 500, 720], "avg_loc_err": [0.10324609439277677, 0.04227539272330644, 0.02487614162443522, 0.01407835992304973, 0.010277037354630515], "max_loc_err": [0.1532689087316257, 0.08875711260969281, 0.10926703690726543, 0.039131638978281945, 0.0760678105284513]}, "Ep": {"num_nodes": [42.0, 92.0, 162.0, 252.0, 362.0], "num_ele": [80, 180, 320, 500, 720], "avg_loc_err": [0.09745204430784621, 0.04743417278687047, 0.025830272375510877, 0.017207194567230463, 0.011789086373003991], "max_loc_err": [0.16710999992499984, 0.15637677926149526, 0.09375185611856451, 0.07679550940837049, 0.05915109266342359]}, "Em": {"num_nodes": [42.0, 92.0, 162.0, 252.0, 362.0], "num_ele": [80, 180, 320, 500, 720], "avg_loc_err": [0.014466767778339076, 0.006789012604718071, 0.003305459673654744, 0.002199102241259973, 0.001314559206854899], "max_loc_err": [0.0696582420797397, 0.03011607917542367, 0.02214828503821436, 0.017108066582740958, 0.006997900792552451]}, "3x3_0": {"num_nodes": [42.0, 92.0, 162.0, 252.0, 362.0], "num_ele": [80, 180, 320, 500, 720], "avg_loc_err": [0.018423163613919546, 0.012957387293739126, 0.0074667947844624764, 0.00541355277194642, 0.0037571428345761055], "max_loc_err": [0.03713621143005064, 0.021601715692891824, 0.012899301702896722, 0.009667810418018142, 0.0069217643185042225]}, "3x3_1": {"num_nodes": [42.0, 92.0, 162.0, 252.0, 362.0], "num_ele": [80, 180, 320, 500, 720], "avg_loc_err": [0.14121559107314244, 0.09274533567600354, 0.045320515840903595, 0.03092981114353103, 0.02085031852168825], "max_loc_err": [0.40097105553152623, 0.30723624227476787, 0.16050675808114745, 0.14578470821777262, 0.09388485833276615]}, "3x3_2": {"num_nodes": [42.0, 92.0, 162.0, 252.0, 362.0], "num_ele": [80, 180, 320, 500, 720], "avg_loc_err": [0.1593209654494693, 0.0936194543967913, 0.05082094954195988, 0.033759517579615254, 0.022432275710559335],