{"cp-le": {"E12": {"num_nodes": [80, 180, 320, 500, 720], "num_ele": [80, 180, 320, 500, 720], "avg_loc_err": [0.04264376455480897, 0.02060520998390107, 0.011335942481589699, 0.007632517541422392, 0.00537706658347259], "max_loc_err": [0.066140298510885, 0.03923942772988904, 0.021984303520751217, 0.021182931058909026, 0.014119577200819402]}, "E23": {"num_nodes": [80, 180, 320, 500, 720], "num_ele": [80, 180, 320, 500, 720], "avg_loc_err": [0.06212021927726139, 0.025352607054960764, 0.014976154159131557, 0.009578056599404984, 0.006773437386925093], "max_loc_err": [0.14948841887271533, 0.053436715170165, 0.0464623795967772, 0.02978423815108481, 0.02018382945431074]}, "E31": {"num_nodes": [80, 180, 320, 500, 720], "num_ele": [80, 180, 320, 500, 720], "avg_loc_err": [0.04345724654112111, 0.02326489574607102, 0.012302885449539148, 0.008079749015184629, 0.005623848152540773], "max_loc_err": [0.07483686064519794, 0.06876020851313897, 0.026133664195601963, 0.028479122272669487, 0.015668819545128]}, "Ep": {"num_nodes": [80, 180, 320, 500, 720], "num_ele": [80, 180, 320, 500, 720], "avg_loc_err": [0.06446050876505591, 0.028597641936653435, 0.015928345522614566, 0.010224267722039323, 0.007096330842229586], "max_loc_err": [0.1292560279411721, 0.060416055548236564, 0.03720742311694087, 0.022760431611340254, 0.019403705692940074]}, "Em": {"num_nodes": [80, 180, 320, 500, 720], "num_ele": [80, 180, 320, 500, 720], "avg_loc_err": [0.056152396537345814, 0.022756769710535942, 0.01298770592771512, 0.008128295267104353, 0.005627465872721311], "max_loc_err": [0.12169710125819012, 0.04544911330117323, 0.032045036260879484, 0.019243051638491108, 0.013818733194483509]}, "3x3_0": {"num_nodes": [80, 180, 320, 500, 720], "num_ele": [80, 180, 320, 500, 720], "avg_loc_err": [0.10691019984133768, 0.04684382289410745, 0.026458220431455015, 0.017030364978253713, 0.011811718482869462], "max_loc_err": [0.14167007128504056, 0.08266857744208692, 0.044287448582555865, 0.02870716328541209, 0.02138289667926588]}, "3x3_1": {"num_nodes": [80, 180, 320, 500, 720], "num_ele": [80, 180, 320, 500, 720], "avg_loc_err": [0.07614041008563771, 0.033628914815513944, 0.020302568481103737, 0.013196844225004735, 0.00937273543215215], "max_loc_err": [0.199813020121636, 0.07438910350792391, 0.06621656770797416, 0.03932460997681568, 0.02843086201147609]}, "3x3_2": {"num_nodes": [80, 180, 320, 500, 720], "num_ele": [80, 180, 320, 500, 720], "avg_loc_err": [0.08848814441869964, 0.03618277058519175, 0.022075089811286724, 0.014522717147967594, 0.010277219577495262], "max_loc_err": [0.23406162288868787, 0.07280331402413612, 0.08511174875966905, 0.050388260395444834, 0.03467249977110335]}},

"cp-qe": {"E12": {"num_nodes": [80, 180, 320, 500, 720], "num_ele": [80, 180, 320, 500, 720], "avg_loc_err": [0.028868380631587608, 0.013097840782031309, 0.007416719942415563, 0.004862206086493131, 0.0033840522993222283], "max_loc_err": [0.07035144415897808, 0.03498488375111448, 0.0185840676344413, 0.010825034277452843, 0.008501438953423462]}, "E23": {"num_nodes": [80, 180, 320, 500, 720], "num_ele": [80, 180, 320, 500, 720], "avg_loc_err": [0.04738989514803703, 0.02096277991672246, 0.01210738486346751, 0.007666456932805131, 0.005330315962693751], "max_loc_err": [0.1480363990659123, 0.05061675238737113, 0.03433897110662215, 0.019801525703676454, 0.01453521586167011]}, "E31": {"num_nodes": [80, 180, 320, 500, 720], "num_ele": [80, 180, 320, 500, 720], "avg_loc_err": [0.0337680638145179, 0.014698427437684836, 0.00795408712888586, 0.005141418007751593, 0.0035328704137839594], "max_loc_err": [0.08644569392106806, 0.03583509609264616, 0.019909690672533103, 0.012876329252416156, 0.008389399742620662]}, "Ep": {"num_nodes": [80, 180, 320, 500, 720], "num_ele": [80, 180, 320, 500, 720], "avg_loc_err": [0.05165823358173125, 0.021436411520387298, 0.012238250166809371, 0.007746169087863002, 0.00541662304123473], "max_loc_err": [0.0950372673704868, 0.054410978514256005, 0.03098867246977337, 0.02047720308385483, 0.014900984052896174]}, "Em": {"num_nodes": [80, 180, 320, 500, 720], "num_ele": [80, 180, 320, 500, 720], "avg_loc_err": [0.036552143510347974, 0.016458821578820698, 0.009452337905711653, 0.006044872122993739, 0.004203539094674095], "max_loc_err": [0.064595786697341, 0.030040034229178027, 0.017927651156745866, 0.010508552290832395, 0.008276031403096233]}, "3x3_0": {"num_nodes": [80, 180, 320, 500, 720], "num_ele": [80, 180, 320, 500, 720], "avg_loc_err": [0.06393779392906104, 0.02923349494230599, 0.01724547261287161, 0.011325829179524998, 0.007973853411576451], "max_loc_err": [0.09901668509594783, 0.06463582470395994, 0.03666128987628907, 0.023156602973636437, 0.016657516314159224]}, "3x3_1": {"num_nodes": [80, 180, 320, 500, 720], "num_ele": [80, 180, 320, 500, 720], "avg_loc_err": [0.05705011606547998, 0.026458079968159354, 0.01486609137403625, 0.009445167956560446, 0.006569225848950495], "max_loc_err": [0.1613326910013276, 0.08088892221208491, 0.04582949575295299, 0.02765701744452838, 0.02141927555123108]}, "3x3_2": {"num_nodes": [80, 180, 320, 500, 720], "num_ele": [80, 180, 320, 500, 720], "avg_loc_err": [0.05697683933001485, 0.026490757077893928, 0.015607404891569398, 0.010036933535440537, 0.007100564568224546], "max_loc_err": [0.13366601712931322, 0.08705860249100322, 0.04357637598769302, 0.02948346269639007, 0.02262673236307372]}},

"lp-le": {"E12": {"num_nodes": [42.0, 92.0, 162.0, 252.0, 362.0], "num_ele": [80, 180, 320, 500, 720], "avg_loc_err": [0.08170807086587803, 0.03482630048941162, 0.019280534307183798, 0.012037416346473158, 0.00829462616354325], "max_loc_err": [0.23923171884486982, 0.11225154170222282, 0.1005654932832625, 0.055843565821700185, 0.04772641187113207]}, "E23": {"num_nodes": [42.0, 92.0, 162.0, 252.0, 362.0], "num_ele": [80, 180, 320, 500, 720], "avg_loc_err": [0.11251872659719303, 0.05384835447107638, 0.029066683910546485, 0.018614239203173403, 0.012555343224491347], "max_loc_err": [0.21872227129447497, 0.12759702306968443, 0.07321594522660656, 0.0462854681548449, 0.03216200255673552]}, "E31": {"num_nodes": [42.0, 92.0, 162.0, 252.0, 362.0], "num_ele": [80, 180, 320, 500, 720], "avg_loc_err": [0.08235456127118693, 0.032574996237347796, 0.018724217644860146, 0.011773097500701091, 0.007992110352629617], "max_loc_err": [0.22685834105108835, 0.060012805500291935, 0.09371337210779336, 0.039898945895211334, 0.0444823658352134]}, "Ep": {"num_nodes": [42.0, 92.0, 162.0, 252.0, 362.0], "num_ele": [80, 180, 320, 500, 720], "avg_loc_err": [0.09880542937406347, 0.04784502837436681, 0.02631765257012681, 0.016804227455091122, 0.011435002712481022], "max_loc_err": [0.18109304767935971, 0.0986527985461808, 0.07025632485725992, 0.045102318985616716, 0.031290481442374105]}, "Em": {"num_nodes": [42.0, 92.0, 162.0, 252.0, 362.0], "num_ele": [80, 180, 320, 500, 720], "avg_loc_err": [0.02096074900008148, 0.010855494996072313, 0.005613267954149401, 0.0037217164099906455, 0.00250063977933928], "max_loc_err": [0.06866969627026064, 0.05297150468798731, 0.026861061852276692, 0.02193016325973041, 0.014923531415364413]}, "3x3_0": {"num_nodes": [42.0, 92.0, 162.0, 252.0, 362.0], "num_ele": [80, 180, 320, 500, 720], "avg_loc_err": [0.011375093700227046, 0.009012935621523908, 0.005816274594159179, 0.004097632947326369, 0.003024723494967471], "max_loc_err": [0.023954508877466144, 0.01398065242627174, 0.010008824182557326, 0.007013113698891553, 0.005235678265776327]}, "3x3_1": {"num_nodes": [42.0, 92.0, 162.0, 252.0, 362.0], "num_ele": [80, 180, 320, 500, 720], "avg_loc_err": [0.1330210214834305, 0.06767076660391665, 0.03569469463245257, 0.022781423460915076, 0.015300110791581882], "max_loc_err": [0.26459768008346574, 0.16353532141148347, 0.09602481244861599, 0.060218624941105116, 0.04262234871811722]}, "3x3_2": {"num_nodes": [42.0, 92.0, 162.0, 252.0, 362.0], "num_ele": [80, 180, 320, 500, 720], "avg_loc_err": [0.1496112393519556, 0.08235328493517287, 0.044002046770546914, 0.02826627007221391, 0.019207994086809253],