{"cp-le": {"E12": {"num_nodes": [80, 180, 320, 500, 720], "num_ele": [80, 180, 320, 500, 720], "avg_loc_err": [0.05080748817052918, 0.02194848720666751, 0.012260448628560947, 0.007823121079443203, 0.005433485912162684], "max_loc_err": [0.09273673171708847, 0.058943612478499996, 0.03210039999937064, 0.021416819069491316, 0.01407620090823469]}, "E23": {"num_nodes": [80, 180, 320, 500, 720], "num_ele": [80, 180, 320, 500, 720], "avg_loc_err": [0.060955707989925424, 0.024147015601431763, 0.01471368111896269, 0.009793110455981236, 0.00689727110997138], "max_loc_err": [0.13141471647335434, 0.05985207915137375, 0.03459612879905337, 0.025569831966333677, 0.022527481967105908]}, "E31": {"num_nodes": [80, 180, 320, 500, 720], "num_ele": [80, 180, 320, 500, 720], "avg_loc_err": [0.05344178220107988, 0.024430991815564566, 0.014409879861957225, 0.009349188710785833, 0.0066054509748519254], "max_loc_err": [0.11050945910860616, 0.0642691026049589, 0.03731107839090325, 0.02348205751577272, 0.01728640417907845]}, "Ep": {"num_nodes": [80, 180, 320, 500, 720], "num_ele": [80, 180, 320, 500, 720], "avg_loc_err": [0.06407227198039503, 0.026940987431838793, 0.014253128217117148, 0.008879893382800867, 0.006085535826341234], "max_loc_err": [0.20911625596539762, 0.12400912674417013, 0.06335352550544805, 0.040457192739152444, 0.0259729051477579]}, "Em": {"num_nodes": [80, 180, 320, 500, 720], "num_ele": [80, 180, 320, 500, 720], "avg_loc_err": [0.05062813276078789, 0.022481832981123245, 0.012633103413042907, 0.008074170834607756, 0.005597571389325048], "max_loc_err": [0.09985173444075347, 0.05507957847483114, 0.03551291420798272, 0.02194772087025493, 0.014970553556824657]}, "3x3_0": {"num_nodes": [80, 180, 320, 500, 720], "num_ele": [80, 180, 320, 500, 720], "avg_loc_err": [0.09386995612970472, 0.045917199477525074, 0.027540351999131983, 0.018049993790647, 0.012717206229485729], "max_loc_err": [0.16328118366612657, 0.1374204134571291, 0.08809057201904985, 0.055524718746161314, 0.04230953775203437]}, "3x3_1": {"num_nodes": [80, 180, 320, 500, 720], "num_ele": [80, 180, 320, 500, 720], "avg_loc_err": [0.06372089839924615, 0.03496663497217304, 0.021370977998077384, 0.014227328598827896, 0.010224467817552136], "max_loc_err": [0.14525859020137696, 0.09943740432691593, 0.06433385397416672, 0.048400969754764864, 0.03716267489363469]}, "3x3_2": {"num_nodes": [80, 180, 320, 500, 720], "num_ele": [80, 180, 320, 500, 720], "avg_loc_err": [0.09316282300425369, 0.0397550016589326, 0.022719835256274988, 0.014698004487248336, 0.010328063574606751], "max_loc_err": [0.26801481080948325, 0.11679303636865711, 0.06076014513534065, 0.043135512142635335, 0.03086957794461518]}},

"cp-qe": {"E12": {"num_nodes": [80, 180, 320, 500, 720], "num_ele": [80, 180, 320, 500, 720], "avg_loc_err": [0.029768118545653265, 0.013533414803966247, 0.007694079759686054, 0.004952885182819749, 0.003449088609830232], "max_loc_err": [0.06656834600507713, 0.03063091385501683, 0.019390547284375177, 0.012282055984554341, 0.008861208863886468]}, "E23": {"num_nodes": [80, 180, 320, 500, 720], "num_ele": [80, 180, 320, 500, 720], "avg_loc_err": [0.043203452121536604, 0.01908971784043663, 0.010914195321256039, 0.007202765847203, 0.005044983528358213], "max_loc_err": [0.13302340004848515, 0.056579136822676374, 0.04656776608993149, 0.036780196861102156, 0.02802444777465213]}, "E31": {"num_nodes": [80, 180, 320, 500, 720], "num_ele": [80, 180, 320, 500, 720], "avg_loc_err": [0.04195301037741916, 0.017288055538005172, 0.009453630024873472, 0.005952358578621217, 0.00415437550689745], "max_loc_err": [0.1262816685463321, 0.07227151390773157, 0.03958781921447698, 0.029231938395090366, 0.023493278448938882]}, "Ep": {"num_nodes": [80, 180, 320, 500, 720], "num_ele": [80, 180, 320, 500, 720], "avg_loc_err": [0.04028323390760739, 0.016823919105991715, 0.008895540867942281, 0.005556203335208237, 0.003820382787635316], "max_loc_err": [0.1414520175110703, 0.09952621072576477, 0.0602758073745274, 0.04574851313375808, 0.03262343464922625]}, "Em": {"num_nodes": [80, 180, 320, 500, 720], "num_ele": [80, 180, 320, 500, 720], "avg_loc_err": [0.030250266529111326, 0.013644237418224537, 0.007787205865793417, 0.004994825040388234, 0.0034627729595656446], "max_loc_err": [0.06821831488183643, 0.031246820313743044, 0.019616319632525334, 0.014060539021149994, 0.010641017726377197]}, "3x3_0": {"num_nodes": [80, 180, 320, 500, 720], "num_ele": [80, 180, 320, 500, 720], "avg_loc_err": [0.06441658995647254, 0.03297273428140736, 0.01994102098629829, 0.013264685269689316, 0.009440511472965615], "max_loc_err": [0.11738699168842372, 0.08874397405687545, 0.06855523098728179, 0.0507466431878676, 0.04186983409333258]}, "3x3_1": {"num_nodes": [80, 180, 320, 500, 720], "num_ele": [80, 180, 320, 500, 720], "avg_loc_err": [0.05656837945004933, 0.025066627677611045, 0.013858752198000595, 0.008849431733540747, 0.006178839252527208], "max_loc_err": [0.13285903317921394, 0.08278967694851685, 0.065487037359, 0.05369488963690237, 0.044268878021426705]}, "3x3_2": {"num_nodes": [80, 180, 320, 500, 720], "num_ele": [80, 180, 320, 500, 720], "avg_loc_err": [0.07317771986480377, 0.032259530187486826, 0.01794038841517161, 0.011404045094795201, 0.007877842588569163], "max_loc_err": [0.2824526740032072, 0.1481902344368448, 0.0780683516111734, 0.0463064271897482, 0.03543136843314909]}},


"lp-le": {"E12": {"num_nodes": [42.0, 92.0, 162.0, 252.0, 362.0], "num_ele": [80, 180, 320, 500, 720], "avg_loc_err": [0.03605618812008904, 0.016382752347523625, 0.00906307485657058, 0.00570425764040653, 0.003903834433504008], "max_loc_err": [0.14015730209075064, 0.06312569106109188, 0.04177924671410557, 0.02532132530038149, 0.018262943145795903]}, "E23": {"num_nodes": [42.0, 92.0, 162.0, 252.0, 362.0], "num_ele": [80, 180, 320, 500, 720], "avg_loc_err": [0.14051467179704322, 0.06066363638326382, 0.032560434831301034, 0.020621972182064203, 0.014154951721347866], "max_loc_err": [0.264661895024615, 0.14774291913284182, 0.09575277607726557, 0.060542888423101425, 0.042762817002625034]}, "E31": {"num_nodes": [42.0, 92.0, 162.0, 252.0, 362.0], "num_ele": [80, 180, 320, 500, 720], "avg_loc_err": [0.11094617276146507, 0.05309572965030065, 0.029679272088957185, 0.018875420511877676, 0.012906271830119142], "max_loc_err": [0.2244295309513746, 0.12989429564081995, 0.07661173309037178, 0.05370984638896657, 0.03703761238869251]}, "Ep": {"num_nodes": [42.0, 92.0, 162.0, 252.0, 362.0], "num_ele": [80, 180, 320, 500, 720], "avg_loc_err": [0.05693926425144574, 0.026043416110255423, 0.015473402599680977, 0.01013458624772412, 0.0070960841945811376], "max_loc_err": [0.13177068648121174, 0.06516548429189216, 0.03906204925128613, 0.027037210173342516, 0.018461541738574103]}, "Em": {"num_nodes": [42.0, 92.0, 162.0, 252.0, 362.0], "num_ele": [80, 180, 320, 500, 720], "avg_loc_err": [0.03489508614179066, 0.017414915720311855, 0.009529591023316079, 0.0060924116387745895, 0.004168396684089904], "max_loc_err": [0.11848497959976088, 0.05361806178613325, 0.03762673253806933, 0.02519516134708591, 0.017065409960111744]}, "3x3_0": {"num_nodes": [42.0, 92.0, 162.0, 252.0, 362.0], "num_ele": [80, 180, 320, 500, 720], "avg_loc_err": [0.02010262584983471, 0.011575631198465415, 0.007396726817966723, 0.005142052912885861, 0.0037531151115894473], "max_loc_err": [0.03334146747811692, 0.024544969072223977, 0.015749634500692073, 0.010786249877957697, 0.00790531403178283]}, "3x3_1": {"num_nodes": [42.0, 92.0, 162.0, 252.0, 362.0], "num_ele": [80, 180, 320, 500, 720], "avg_loc_err": [0.17113004055134423, 0.09148404216988455, 0.051505009250981115, 0.03269501103807635, 0.022286561887095067], "max_loc_err": [0.36206980637882186, 0.20784226151139862, 0.13592616654635853, 0.09421659119976601, 0.06526470264986725]}, "3x3_2": {"num_nodes": [42.0, 92.0, 162.0, 252.0, 362.0], "num_ele": [80, 180, 320, 500, 720], "avg_loc_err": [0.1643021083163499, 0.07800302739282175, 0.044247630539224155, 0.028112468174216844, 0.019248515344539762],