{"cp-le": {"E12": {"num_nodes": [80, 180, 320, 500, 720], "num_ele": [80, 180, 320, 500, 720], "avg_loc_err": [0.04264376455480897, 0.02060520998390107, 0.011335942481589699, 0.007632517541422392, 0.00537706658347259], "max_loc_err": [0.066140298510885, 0.03923942772988904, 0.021984303520751217, 0.021182931058909026, 0.014119577200819402]}, "E23": {"num_nodes": [80, 180, 320, 500, 720], "num_ele": [80, 180, 320, 500, 720], "avg_loc_err": [0.06212021927726139, 0.025352607054960764, 0.014976154159131557, 0.009578056599404984, 0.006773437386925093], "max_loc_err": [0.14948841887271533, 0.053436715170165, 0.0464623795967772, 0.02978423815108481, 0.02018382945431074]}, "E31": {"num_nodes": [80, 180, 320, 500, 720], "num_ele": [80, 180, 320, 500, 720], "avg_loc_err": [0.04345724654112111, 0.02326489574607102, 0.012302885449539148, 0.008079749015184629, 0.005623848152540773], "max_loc_err": [0.07483686064519794, 0.06876020851313897, 0.026133664195601963, 0.028479122272669487, 0.015668819545128]}, "Ep": {"num_nodes": [80, 180, 320, 500, 720], "num_ele": [80, 180, 320, 500, 720], "avg_loc_err": [0.06446050876505591, 0.028597641936653435, 0.015928345522614566, 0.010224267722039323, 0.007096330842229586], "max_loc_err": [0.1292560279411721, 0.060416055548236564, 0.03720742311694087, 0.022760431611340254, 0.019403705692940074]}, "Em": {"num_nodes": [80, 180, 320, 500, 720], "num_ele": [80, 180, 320, 500, 720], "avg_loc_err": [0.056152396537345814, 0.022756769710535942, 0.01298770592771512, 0.008128295267104353, 0.005627465872721311], "max_loc_err": [0.12169710125819012, 0.04544911330117323, 0.032045036260879484, 0.019243051638491108, 0.013818733194483509]}, "3x3_0": {"num_nodes": [80, 180, 320, 500, 720], "num_ele": [80, 180, 320, 500, 720], "avg_loc_err": [0.10691019984133768, 0.04684382289410745, 0.026458220431455015, 0.017030364978253713, 0.011811718482869462], "max_loc_err": [0.14167007128504056, 0.08266857744208692, 0.044287448582555865, 0.02870716328541209, 0.02138289667926588]}, "3x3_1": {"num_nodes": [80, 180, 320, 500, 720], "num_ele": [80, 180, 320, 500, 720], "avg_loc_err": [0.07614041008563771, 0.033628914815513944, 0.020302568481103737, 0.013196844225004735, 0.00937273543215215], "max_loc_err": [0.199813020121636, 0.07438910350792391, 0.06621656770797416, 0.03932460997681568, 0.02843086201147609]}, "3x3_2": {"num_nodes": [80, 180, 320, 500, 720], "num_ele": [80, 180, 320, 500, 720], "avg_loc_err": [0.08848814441869964, 0.03618277058519175, 0.022075089811286724, 0.014522717147967594, 0.010277219577495262], "max_loc_err": [0.23406162288868787, 0.07280331402413612, 0.08511174875966905, 0.050388260395444834, 0.03467249977110335]}}}